insert into USER (ID, EMAIL, USER_NAME, PASSWORD, PHONE, REG_DT, UPDATE_DT, STATUS, LOCK_YN)
VALUES (1, 'test1@mail.com', '홍길동', '11111111', '010-1111-1111', '2024-08-05 00:01:01.000001', null, 1, 0);

insert into USER (ID, EMAIL, USER_NAME, PASSWORD, PHONE, REG_DT, UPDATE_DT, STATUS, LOCK_YN)
VALUES (2, 'test2@mail.com', '홍판서', '22222222', '010-2222-2222', '2024-08-05 00:01:11.000001', null, 1, 0);

insert into USER (ID, EMAIL, USER_NAME, PASSWORD, PHONE, REG_DT, UPDATE_DT, STATUS, LOCK_YN)
VALUES (3, 'test3@mail.com', '홍대감', '33333333', '010-3333-3333', '2024-01-01 00:11:01.000001', null, 2, 0);

insert into USER (ID, EMAIL, USER_NAME, PASSWORD, PHONE, REG_DT, UPDATE_DT, STATUS, LOCK_YN)
VALUES (4, 'test4@mail.com', '홍월순', '44444444', '010-4444-4444', '2024-01-01 00:11:01.000001', null, 2, 0);

insert into USER (ID, EMAIL, USER_NAME, PASSWORD, PHONE, REG_DT, UPDATE_DT, STATUS, LOCK_YN)
VALUES (5, 'test5@mail.com', '홍단이', '55555555', '010-5555-5555', '2024-01-01 00:11:01.000001', null, 2, 0);



insert into NOTICE (ID, CONTENTS, HITS, LIKES, REGISTER_DT, TITLE, DELETED, USER_ID)
VALUES (1, '내용1', 0, 0, '2024-01-01 01:01:01.000000', '제목1', 0, 1);
insert into NOTICE (ID, CONTENTS, HITS, LIKES, REGISTER_DT, TITLE, DELETED, USER_ID)
VALUES (2, '내용2', 0, 0, '2024-01-01 01:01:02.000000', '제목2', 0, 1);
insert into NOTICE (ID, CONTENTS, HITS, LIKES, REGISTER_DT, TITLE, DELETED, USER_ID)
VALUES (3, '내용3', 0, 0, '2024-01-01 01:05:03.000000', '제목3', 0, 1);
insert into NOTICE (ID, CONTENTS, HITS, LIKES, REGISTER_DT, TITLE, DELETED, USER_ID)
VALUES (4, '내용4', 0, 0, '2024-01-01 01:05:03.000000', '제목4', 0, 1);
insert into NOTICE (ID, CONTENTS, HITS, LIKES, REGISTER_DT, TITLE, DELETED, USER_ID)
VALUES (5, '내용5', 0, 0, '2024-01-01 01:05:03.000000', '제목5', 0, 2);
insert into NOTICE (ID, CONTENTS, HITS, LIKES, REGISTER_DT, TITLE, DELETED, USER_ID)
VALUES (6, '내용6', 0, 0, '2024-01-01 01:05:03.000000', '제목6', 0, 3);
insert into NOTICE (ID, CONTENTS, HITS, LIKES, REGISTER_DT, TITLE, DELETED, USER_ID)
VALUES (7, '내용7', 0, 0, '2024-01-01 01:05:03.000000', '제목7', 0, 2);


insert into NOTICE_LIKE (ID, NOTICE_ID, USER_ID)
VALUES (1, 3, 1)
     , (2, 4, 1)
     , (3, 1, 1)
     , (4, 3, 2)
     , (5, 1, 4)
     , (6, 2, 4);